N,pop,HDR1,HDR2,horizon,discount,rabies_inc1,rabies_inc2,LR_range1,LR_range2,mu,k,pSeek_healthy,pStart_healthy,pComplete_healthy,pSeek_exposure,pStart_exposure,pComplete_exposure,pDeath,pPrevent,full_cost,partial_cost,vaccinate_dog_cost1,vaccinate_dog_cost2,target_vax_cov,V26
100,3e+06,7.4,100,7,0.03,0.0075,0.0125,6.6,12.8,0.38,0.14,0.6,0.2,0.2,0.75,0.6666667,0.3968254,0.1660119,0.986,45,25,1,4,0,no_interventions
100,3e+06,7.4,100,7,0.03,0.0075,0.0125,6.6,12.8,0.38,0.14,0.6,0.2,0.2,0.7,0.6666667,0.3968254,0.1660119,0.986,45,25,1,4,0,PEP_IM_free_only
100,3e+06,7.4,100,7,0.03,0.0075,0.0125,6.6,12.8,0.38,0.14,0.6,0.2,0.2,0.7,0.6666667,0.3968254,0.1660119,0.986,15,8.3,1,4,0,PEP_ID_free_only
100,3e+06,7.4,100,7,0.03,0.0075,0.0125,6.6,12.8,0.38,0.14,0.78,0.2,0.07,0.75,0.79,0.473,0.1660119,0.986,45,25,1,4,0.7,MDV_only
100,3e+06,7.4,100,7,0.03,0.0075,0.0125,6.6,12.8,0.38,0.14,0.78,0.2,0.07,0.7,0.899,0.542,0.1660119,0.986,45,25,1,4,0.7,MDV_PEP_IM_free
100,3e+06,7.4,100,7,0.03,0.0075,0.0125,6.6,12.8,0.38,0.14,0.78,0.2,0.07,0.7,0.899,0.542,0.1660119,0.986,15,8.3,1,4,0.7,MDV_PEP_ID_free
